Year,Life Expectancy
2000,77.98780487804879
2001,78.19024390243904
2002,78.29268292682927
2003,78.49268292682929
2004,79.09512195121953
2005,79.34634146341465
2006,79.69756097560976
2007,80.09756097560975
2008,80.25121951219512
2009,80.54878048780489
2010,80.70243902439024
2011,81.20487805
2012,81.10487804878049
2013,81.30487805
2014,81.70731707317074
2015,81.5097561
